trip_id,category,number,station_name,arrival_dbdatetime,departure_dbdatetime,request_timestamp,station_uic
-1049617350581839421,IC,2447,Hannover Hbf,2508220636,2508220636,25082206,8000152
-1084094223186560071,FLX,1360,Hamburg Hbf,2508221032,2508221032,25082210,8002549
-1151057268452720658,ICE,1205,Hamburg-Altona,2508221311,2508221311,25082213,8002553
-1151057268452720658,ICE,1205,Hamburg Dammtor,2508221319,2508221321,25082213,8002548
-1151057268452720658,ICE,1205,Hamburg Hbf,2508221325,2508221328,25082213,8002549
-1151057268452720658,ICE,1205,Hamburg-Harburg,2508221338,2508221339,25082213,8000147
-1151057268452720658,ICE,1205,Lüneburg,2508221357,2508221359,25082213,8000238
-1346881581325835580,IC,2436,Hannover Hbf,2508220626,2508220645,25082206,8000152
-1474850932122692490,ICE,2971,Hamburg-Altona,2508220608,2508220608,25082206,8002553
-1474850932122692490,ICE,2971,Hamburg Dammtor,2508220615,2508220616,25082206,8002548
-1474850932122692490,ICE,2971,Hamburg Hbf,2508220620,2508220624,25082206,8002549
-1474850932122692490,ICE,2971,Hamburg-Harburg,2508220634,2508220636,25082206,8000147
-1474850932122692490,ICE,2971,Lüneburg,2508220653,2508220655,25082206,8000238
-1474850932122692490,ICE,2971,Uelzen,2508220713,2508220715,25082207,8000168
-1474850932122692490,ICE,2971,Celle,2508220737,2508220738,25082207,8000064
-1474850932122692490,ICE,2971,Hannover Hbf,2508220758,2508220801,25082207,8000152
-1489252697791169587,ICE,545,Hannover Hbf,2508221128,2508221131,25082211,8000152
-1491107592791232937,ICE,644,Hannover Hbf,2508220828,2508220831,25082208,8000152
-1497213994658544450,ICE,927,Hamburg-Altona,2508221139,2508221139,25082211,8002553
-1497213994658544450,ICE,927,Hamburg Hbf,2508221149,2508221153,25082211,8002549
-1533583722018076654,ICE,1704,Uelzen,2508221128,2508221130,25082211,8000168
-1533583722018076654,ICE,1704,Hamburg Hbf,2508221211,2508221215,25082212,8002549
-1533583722018076654,ICE,1704,Hamburg-Altona,2508221225,2508221225,25082212,8002553
-1618433914809757000,ICE,772,Hannover Hbf,2508221117,2508221120,25082211,8000152
-1618433914809757000,ICE,772,Hamburg Hbf,2508221236,2508221236,25082212,8002549
-1634004309638327536,IC,242,Hannover Hbf,2508220556,2508220556,25082205,8000152
-1822966271854478829,ICE,1028,Hamburg-Harburg,2508220819,2508220822,25082208,8000147
-1822966271854478829,ICE,1028,Hamburg Hbf,2508220834,2508220837,25082208,8002549
-1822966271854478829,ICE,1028,Hamburg-Altona,2508220848,2508220848,25082208,8002553
-1924004889193493117,EC,393,Hamburg Hbf,2508221301,2508221301,25082213,8002549
-1981361635087318141,IC,2445,Hannover Hbf,2508220820,2508220835,25082208,8000152
-2024160406909852817,IC,2083,Hamburg Hbf,2508220729,2508220729,25082207,8002549
-2024160406909852817,IC,2083,Hamburg-Harburg,2508220739,2508220741,25082207,8000147
-2024160406909852817,IC,2083,Lüneburg,2508220759,2508220801,25082207,8000238
-2024160406909852817,IC,2083,Uelzen,2508220815,2508220816,25082208,8000168
-2024160406909852817,IC,2083,Celle,2508220838,2508220839,25082208,8000064
-2024160406909852817,IC,2083,Hannover Hbf,2508220859,2508220903,25082208,8000152
-2103315967753215489,IC,2443,Hannover Hbf,2508221019,2508221036,25082210,8000152
-2289591885774835907,ICE,206,Hamburg-Harburg,2508221301,2508221303,25082213,8000147
-2289591885774835907,ICE,206,Hamburg Hbf,2508221314,2508221314,25082213,8002549
-2467281444360141068,ICE,507,Hamburg-Altona,2508220719,2508220719,25082207,8002553
-2467281444360141068,ICE,507,Hamburg Dammtor,2508220726,2508220727,25082207,8002548
-2467281444360141068,ICE,507,Hamburg Hbf,2508220732,2508220737,25082207,8002549
-2467281444360141068,ICE,507,Uelzen,2508220828,2508220830,25082208,8000168
-2470681078798054054,ICE,654,Hannover Hbf,2508220837,2508220840,25082208,8000152
-2622763224815699783,IC,143,Hannover Hbf,2508221201,2508221204,25082212,8000152
-266204046597736577,ICE,881,Hamburg Dammtor,2508221354,2508221354,25082213,8002548
-266204046597736577,ICE,881,Hamburg Hbf,2508221357,2508221401,25082213,8002549
-292788332521786029,ICE,950,Hannover Hbf,2508221328,2508221331,25082213,8000152
-3212205364154915817,ICE,886,Hannover Hbf,2508221032,2508221036,25082210,8000152
-3212205364154915817,ICE,886,Lüneburg,2508221125,2508221127,25082211,8000238
-3212205364154915817,ICE,886,Hamburg-Harburg,2508221144,2508221146,25082211,8000147
-3212205364154915817,ICE,886,Hamburg Hbf,2508221158,2508221158,25082211,8002549
-3240928200760902260,ICE,1038,Hamburg Hbf,2508220951,2508220954,25082209,8002549
-3240928200760902260,ICE,1038,Hamburg-Altona,2508221004,2508221004,25082210,8002553
-3500545049874534285,ICE,105,Hamburg-Altona,2508220629,2508220629,25082206,8002553
-3500545049874534285,ICE,105,Hamburg Dammtor,2508220637,2508220638,25082206,8002548
-3500545049874534285,ICE,105,Hamburg Hbf,2508220642,2508220646,25082206,8002549
-3500545049874534285,ICE,105,Hamburg-Harburg,2508220655,2508220657,25082206,8000147
-3657975130638320666,FLX,1353,Hamburg Hbf,2508220849,2508220849,25082208,8002549
-3657975130638320666,FLX,1353,Hamburg-Harburg,2508220859,2508220901,25082208,8000147
-3741445022702755252,ICE,751,Hamburg-Altona,2508220503,2508220503,25082205,8002553
-3741445022702755252,ICE,751,Hamburg Dammtor,2508220511,2508220512,25082205,8002548
-3741445022702755252,ICE,751,Hamburg Hbf,2508220517,2508220523,25082205,8002549
-3741445022702755252,ICE,751,Hamburg-Harburg,2508220533,2508220535,25082205,8000147
-3741445022702755252,ICE,751,Lüneburg,2508220552,2508220554,25082205,8000238
-3741445022702755252,ICE,751,Uelzen,2508220612,2508220613,25082206,8000168
-3741445022702755252,ICE,751,Celle,2508220636,2508220637,25082206,8000064
-3741445022702755252,ICE,751,Hannover Hbf,2508220657,2508220703,25082206,8000152
-3757333051659636301,ICE,537,Hannover Hbf,2508221214,2508221226,25082212,8000152
-3783829201967449571,ICE,505,Hamburg-Altona,2508220533,2508220533,25082205,8002553
-3783829201967449571,ICE,505,Hamburg Hbf,2508220546,2508220550,25082205,8002549
-3783829201967449571,ICE,505,Uelzen,2508220630,2508220632,25082206,8000168
-3958185529432412394,ICE,1132,Hannover Hbf,2508221137,2508221145,25082211,8000152
-3970773840769253411,EC,396,Hamburg Hbf,2508221053,2508221053,25082210,8002549
-3981055665609001332,ICE,841,Hannover Hbf,2508220615,2508220631,25082206,8000152
-4151394777712103696,ICE,882,Hannover Hbf,2508221232,2508221236,25082212,8000152
-4151394777712103696,ICE,882,Hamburg-Harburg,2508221341,2508221343,25082213,8000147
-4151394777712103696,ICE,882,Hamburg Hbf,2508221354,2508221357,25082213,8002549
-4177690667848918592,ICE,689,Hamburg-Altona,2508221246,2508221246,25082212,8002553
-4177690667848918592,ICE,689,Hamburg Dammtor,2508221252,2508221254,25082212,8002548
-4177690667848918592,ICE,689,Hamburg Hbf,2508221257,2508221301,25082212,8002549
-4177690667848918592,ICE,689,Hamburg-Harburg,2508221311,2508221313,25082213,8000147
-4190357709828800313,ICE,1606,Uelzen,2508220928,2508220930,25082209,8000168
-4190357709828800313,ICE,1606,Hamburg Hbf,2508221011,2508221014,25082210,8002549
-4190357709828800313,ICE,1606,Hamburg-Altona,2508221025,2508221025,25082210,8002553
-4310203737838801908,ICE,543,Hannover Hbf,2508220928,2508220931,25082209,8000152
-4503530441970809798,ICE,603,Hamburg-Altona,2508221334,2508221334,25082213,8002553
-4503530441970809798,ICE,603,Hamburg Hbf,2508221345,2508221348,25082213,8002549
-4503530441970809798,ICE,603,Hamburg-Harburg,2508221358,2508221400,25082213,8000147
-4538190099459305426,ICE,705,Hamburg Dammtor,2508220844,2508220845,25082208,8002548
-4538190099459305426,ICE,705,Hamburg Hbf,2508220849,2508220852,25082208,8002549
-4538190099459305426,ICE,705,Lüneburg,2508220917,2508220919,25082209,8000238
-4602427783665327588,ICE,517,Hamburg-Altona,2508220729,2508220729,25082207,8002553
-4602427783665327588,ICE,517,Hamburg Dammtor,2508220737,2508220738,25082207,8002548
-4602427783665327588,ICE,517,Hamburg Hbf,2508220742,2508220746,25082207,8002549
-4602427783665327588,ICE,517,Hamburg-Harburg,2508220755,2508220757,25082207,8000147
-4780306928560468597,D,10301,Hamburg Hbf,2508220531,2508220537,25082205,8002549
-4784376862541113609,ICE,553,Hannover Hbf,2508220919,2508220922,25082209,8000152
-4795631998049108676,ICE,535,Hannover Hbf,2508221014,2508221026,25082210,8000152
-4803413020616385260,ICE,707,Hamburg-Altona,2508221020,2508221020,25082210,8002553
-4803413020616385260,ICE,707,Hamburg Hbf,2508221033,2508221040,25082210,8002549
-4803413020616385260,ICE,707,Hamburg-Harburg,2508221052,2508221054,25082210,8000147
-4803413020616385260,ICE,707,Lüneburg,2508221114,2508221116,25082211,8000238
-4803413020616385260,ICE,707,Uelzen,2508221134,2508221135,25082211,8000168
-486178897212069438,ICE,853,Hannover Hbf,2508220828,2508220831,25082208,8000152
-5036776284380011862,IC,2048,Hannover Hbf,2508221323,2508221340,25082213,8000152
-5067205027928923412,ICE,555,Hannover Hbf,2508221119,2508221122,25082211,8000152
-5294826886116498524,IC,2313,Hamburg Hbf,2508221245,2508221250,25082212,8002549
-5299413353021537464,IC,2046,Hannover Hbf,2508221123,2508221140,25082211,8000152
-5512691692974708994,ICE,573,Hamburg Dammtor,2508220714,2508220715,25082207,8002548
-5512691692974708994,ICE,573,Hamburg Hbf,2508220720,2508220724,25082207,8002549
-5512691692974708994,ICE,573,Hannover Hbf,2508220838,2508220841,25082208,8000152
-5526084993451463045,ICE,954,Hannover Hbf,2508220928,2508220931,25082209,8000152
-5583020922321137037,ICE,806,Uelzen,2508221016,2508221017,25082210,8000168
-5583020922321137037,ICE,806,Hamburg Hbf,2508221104,2508221109,25082211,8002549
-5583020922321137037,ICE,806,Hamburg-Altona,2508221120,2508221120,25082211,8002553
-5591597380485360579,IC,60470,Hannover Hbf,2508220529,2508220532,25082205,8000152
-5591597380485360579,IC,60470,Hamburg-Harburg,2508220736,2508220738,25082207,8000147
-5591597380485360579,IC,60470,Hamburg Hbf,2508220753,2508220756,25082207,8002549
-5591597380485360579,IC,60470,Hamburg Dammtor,2508220759,2508220801,25082207,8002548
-5591597380485360579,IC,60470,Hamburg-Altona,2508220809,2508220809,25082208,8002553
-5671403300959451713,IC,2085,Hamburg Hbf,2508220729,2508220729,25082207,8002549
-5671403300959451713,IC,2085,Hamburg-Harburg,2508220739,2508220741,25082207,8000147
-5671403300959451713,IC,2085,Lüneburg,2508220759,2508220801,25082207,8000238
-5671403300959451713,IC,2085,Uelzen,2508220815,2508220816,25082208,8000168
-5671403300959451713,IC,2085,Celle,2508220838,2508220839,25082208,8000064
-5671403300959451713,IC,2085,Hannover Hbf,2508220859,2508220903,25082208,8000152
-5703640496454004355,ICE,107,Hamburg-Altona,2508220829,2508220829,25082208,8002553
-5703640496454004355,ICE,107,Hamburg Dammtor,2508220836,2508220837,25082208,8002548
-5703640496454004355,ICE,107,Hamburg Hbf,2508220841,2508220845,25082208,8002549
-5703640496454004355,ICE,107,Hamburg-Harburg,2508220855,2508220856,25082208,8000147
-5768083540036743236,ICE,519,Hamburg-Harburg,2508220957,2508220957,25082209,8000147
-5894767788106580379,ICE,602,Uelzen,2508221328,2508221330,25082213,8000168
-5962154382149198734,ICE,843,Hannover Hbf,2508220828,2508220831,25082208,8000152
-6004557489205239816,ICE,474,Hannover Hbf,2508221017,2508221020,25082210,8000152
-6004557489205239816,ICE,474,Hamburg Hbf,2508221136,2508221139,25082211,8002549
-6004557489205239816,ICE,474,Hamburg Dammtor,2508221142,2508221143,25082211,8002548
-6012005053401607387,ICE,770,Hannover Hbf,2508221317,2508221320,25082213,8000152
-6123363187143113361,ICE,640,Hannover Hbf,2508221228,2508221231,25082212,8000152
-6347247937536657417,IC,2311,Hamburg Hbf,2508221245,2508221250,25082212,8002549
-6473521293204692902,IC,2262,Hamburg Hbf,2508221230,2508221230,25082212,8002549
-6543090459025161898,ICE,944,Hannover Hbf,2508220928,2508220931,25082209,8000152
-655729305078485634,IC,146,Hannover Hbf,2508221153,2508221156,25082211,8000152
-6838918391074923218,ICE,1672,Hannover Hbf,2508221156,2508221159,25082211,8000152
-6838918391074923218,ICE,1672,Celle,2508221217,2508221218,25082212,8000064
-6838918391074923218,ICE,1672,Uelzen,2508221240,2508221242,25082212,8000168
-6838918391074923218,ICE,1672,Lüneburg,2508221257,2508221259,25082212,8000238
-6838918391074923218,ICE,1672,Hamburg-Harburg,2508221316,2508221318,25082213,8000147
-6838918391074923218,ICE,1672,Hamburg Hbf,2508221330,2508221333,25082213,8002549
-6838918391074923218,ICE,1672,Hamburg-Altona,2508221344,2508221344,25082213,8002553
-7123546326244772515,ICE,652,Hannover Hbf,2508221037,2508221040,25082210,8000152
-7276497044803552535,ICE,758,Hannover Hbf,2508221253,2508221256,25082212,8000152
-7301207047051550824,ICE,1676,Hannover Hbf,2508220756,2508220759,25082207,8000152
-7301207047051550824,ICE,1676,Celle,2508220817,2508220818,25082208,8000064
-7301207047051550824,ICE,1676,Uelzen,2508220840,2508220842,25082208,8000168
-7301207047051550824,ICE,1676,Lüneburg,2508220900,2508220902,25082209,8000238
-7301207047051550824,ICE,1676,Hamburg-Harburg,2508220919,2508220921,25082209,8000147
-7301207047051550824,ICE,1676,Hamburg Hbf,2508220932,2508220945,25082209,8002549
-7301207047051550824,ICE,1676,Hamburg Dammtor,2508220950,2508220951,25082209,8002548
-7301207047051550824,ICE,1676,Hamburg-Altona,2508220959,2508220959,25082209,8002553
-7418975919136076672,IC,2432,Hannover Hbf,2508221025,2508221045,25082210,8000152
-7481486735598917070,ICE,908,Uelzen,2508220620,2508220621,25082206,8000168
-7481486735598917070,ICE,908,Lüneburg,2508220638,2508220640,25082206,8000238
-7481486735598917070,ICE,908,Hamburg-Harburg,2508220659,2508220701,25082206,8000147
-7481486735598917070,ICE,908,Hamburg Hbf,2508220712,2508220716,25082207,8002549
-7481486735598917070,ICE,908,Hamburg-Altona,2508220726,2508220726,25082207,8002553
-7483129902444507423,ICE,577,Hamburg Dammtor,2508221115,2508221115,25082211,8002548
-7483129902444507423,ICE,577,Hamburg Hbf,2508221120,2508221124,25082211,8002549
-7483129902444507423,ICE,577,Hannover Hbf,2508221238,2508221241,25082212,8000152
-7547304040443208216,NJ,490,Hannover Hbf,2508220650,2508220705,25082206,8000152
-7547304040443208216,NJ,490,Hamburg-Harburg,2508220830,2508220834,25082208,8000147
-7547304040443208216,NJ,490,Hamburg Hbf,2508220847,2508220853,25082208,8002549
-7547304040443208216,NJ,490,Hamburg Dammtor,2508220856,2508220858,25082208,8002548
-7547304040443208216,NJ,490,Hamburg-Altona,2508220906,2508220906,25082209,8002553
-762086226758254325,ICE,201,Hamburg-Altona,2508221229,2508221229,25082212,8002553
-762086226758254325,ICE,201,Hamburg Dammtor,2508221237,2508221238,25082212,8002548
-762086226758254325,ICE,201,Hamburg Hbf,2508221242,2508221246,25082212,8002549
-762086226758254325,ICE,201,Hamburg-Harburg,2508221255,2508221256,25082212,8000147
-7732825863849667402,ICE,940,Hannover Hbf,2508221328,2508221331,25082213,8000152
-7782424231001410433,ICE,1097,Hamburg-Altona,2508220550,2508220550,25082205,8002553
-7782424231001410433,ICE,1097,Hamburg Dammtor,2508220558,2508220559,25082205,8002548
-7782424231001410433,ICE,1097,Hamburg Hbf,2508220603,2508220606,25082206,8002549
-7782424231001410433,ICE,1097,Hannover Hbf,2508220719,2508220722,25082207,8000152
-7847475420243955058,IC,2031,Hannover Hbf,2508220534,2508220534,25082205,8000152
-7894185240135079180,ICE,709,Hamburg-Altona,2508221219,2508221219,25082212,8002553
-7894185240135079180,ICE,709,Hamburg Dammtor,2508221227,2508221228,25082212,8002548
-7894185240135079180,ICE,709,Hamburg Hbf,2508221233,2508221240,25082212,8002549
-7894185240135079180,ICE,709,Hamburg-Harburg,2508221252,2508221254,25082212,8000147
-7894185240135079180,ICE,709,Lüneburg,2508221313,2508221315,25082213,8000238
-7995997926778335401,IC,2312,Hamburg-Harburg,2508221246,2508221248,25082212,8000147
-7995997926778335401,IC,2312,Hamburg Hbf,2508221259,2508221302,25082212,8002549
-7995997926778335401,IC,2312,Hamburg Dammtor,2508221305,2508221306,25082213,8002548
-8003392339101483857,ICE,684,Hannover Hbf,2508220932,2508220936,25082209,8000152
-8003392339101483857,ICE,684,Hamburg-Harburg,2508221041,2508221043,25082210,8000147
-8003392339101483857,ICE,684,Hamburg Hbf,2508221055,2508221101,25082210,8002549
-8003392339101483857,ICE,684,Hamburg Dammtor,2508221104,2508221106,25082211,8002548
-8003392339101483857,ICE,684,Hamburg-Altona,2508221114,2508221114,25082211,8002553
-8160985285898732989,ICE,78,Hannover Hbf,2508221217,2508221220,25082212,8000152
-8160985285898732989,ICE,78,Hamburg Hbf,2508221336,2508221336,25082213,8002549
-8215575323288146568,ICE,75,Hamburg Dammtor,2508221016,2508221016,25082210,8002548
-8215575323288146568,ICE,75,Hamburg Hbf,2508221020,2508221024,25082210,8002549
-8215575323288146568,ICE,75,Hannover Hbf,2508221138,2508221141,25082211,8000152
-8237034450104717281,D,301,Hamburg Hbf,2508220531,2508220537,25082205,8002549
-828368952981312873,ICE,735,Hamburg-Altona,2508221338,2508221338,25082213,8002553
-828368952981312873,ICE,735,Hamburg Hbf,2508221350,2508221353,25082213,8002549
-8418860055544988071,ICE,1678,Hannover Hbf,2508220554,2508220554,25082205,8000152
-8418860055544988071,ICE,1678,Celle,2508220616,2508220617,25082206,8000064
-8418860055544988071,ICE,1678,Uelzen,2508220640,2508220642,25082206,8000168
-8418860055544988071,ICE,1678,Lüneburg,2508220657,2508220659,25082206,8000238
-8418860055544988071,ICE,1678,Hamburg-Harburg,2508220716,2508220718,25082207,8000147
-8418860055544988071,ICE,1678,Hamburg Hbf,2508220730,2508220737,25082207,8002549
-8418860055544988071,ICE,1678,Hamburg-Altona,2508220746,2508220746,25082207,8002553
-8434068733414110719,ICE,922,Hamburg-Harburg,2508220801,2508220803,25082208,8000147
-8434068733414110719,ICE,922,Hamburg Hbf,2508220814,2508220817,25082208,8002549
-8434068733414110719,ICE,922,Hamburg Dammtor,2508220820,2508220822,25082208,8002548
-8434068733414110719,ICE,922,Hamburg-Altona,2508220829,2508220829,25082208,8002553
-8522276994857383959,ICE,1545,Hannover Hbf,2508221101,2508221104,25082211,8000152
-8614664585551473503,ICE,557,Hannover Hbf,2508221319,2508221322,25082213,8000152
-8624992757107064587,ICE,616,Hamburg-Harburg,2508221201,2508221203,25082212,8000147
-8624992757107064587,ICE,616,Hamburg Hbf,2508221214,2508221217,25082212,8002549
-8624992757107064587,ICE,616,Hamburg Dammtor,2508221220,2508221221,25082212,8002548
-8624992757107064587,ICE,616,Hamburg-Altona,2508221230,2508221230,25082212,8002553
-8674838902493379360,IC,2374,Hannover Hbf,2508221356,2508221359,25082213,8000152
-8677182982400525824,NJ,40420,Hannover Hbf,2508220650,2508220705,25082206,8000152
-8677182982400525824,NJ,40420,Hamburg-Harburg,2508220830,2508220834,25082208,8000147
-8677182982400525824,NJ,40420,Hamburg Hbf,2508220847,2508220853,25082208,8002549
-8677182982400525824,NJ,40420,Hamburg Dammtor,2508220856,2508220858,25082208,8002548
-8677182982400525824,NJ,40420,Hamburg-Altona,2508220906,2508220906,25082209,8002553
-868251179380997267,ICE,649,Hannover Hbf,2508220527,2508220527,25082205,8000152
-8701805413806314010,ICE,579,Hamburg Dammtor,2508221315,2508221315,25082213,8002548
-8701805413806314010,ICE,579,Hamburg Hbf,2508221320,2508221324,25082213,8002549
-8717013811231264127,EC,394,Hamburg Hbf,2508221253,2508221253,25082212,8002549
-8844375931638732232,IC,2260,Hamburg Hbf,2508220838,2508220838,25082208,8002549
-8851364894620886703,FLX,1235,Hannover Hbf,2508221341,2508221344,25082213,8000152
-8906112445839706377,ICE,847,Hannover Hbf,2508221228,2508221231,25082212,8000152
-9076044575966614071,ICE,591,Hannover Hbf,2508220456,2508220519,25082205,8000152
1003446772902483359,NJ,470,Hannover Hbf,2508220529,2508220532,25082205,8000152
1003446772902483359,NJ,470,Hamburg-Harburg,2508220736,2508220738,25082207,8000147
1003446772902483359,NJ,470,Hamburg Hbf,2508220753,2508220756,25082207,8002549
1003446772902483359,NJ,470,Hamburg Dammtor,2508220759,2508220801,25082207,8002548
1003446772902483359,NJ,470,Hamburg-Altona,2508220809,2508220809,25082208,8002553
1098307524319326390,IC,240,Hannover Hbf,2508220753,2508220756,25082207,8000152
1179810196779242077,ICE,208,Hamburg-Harburg,2508221101,2508221103,25082211,8000147
1179810196779242077,ICE,208,Hamburg Hbf,2508221114,2508221114,25082211,8002549
1181392732754916068,IC,2037,Hannover Hbf,2508221113,2508221136,25082211,8000152
1188908030179368912,ICE,1671,Hamburg-Altona,2508221213,2508221213,25082212,8002553
1188908030179368912,ICE,1671,Hamburg Dammtor,2508221220,2508221221,25082212,8002548
1188908030179368912,ICE,1671,Hamburg Hbf,2508221225,2508221228,25082212,8002549
1188908030179368912,ICE,1671,Hamburg-Harburg,2508221238,2508221240,25082212,8000147
1188908030179368912,ICE,1671,Lüneburg,2508221257,2508221259,25082212,8000238
1188908030179368912,ICE,1671,Uelzen,2508221313,2508221315,25082213,8000168
1188908030179368912,ICE,1671,Celle,2508221337,2508221338,25082213,8000064
1188908030179368912,ICE,1671,Hannover Hbf,2508221358,2508221401,25082213,8000152
1235622964461153188,ICE,808,Lüneburg,2508220829,2508220831,25082208,8000238
1235622964461153188,ICE,808,Hamburg Hbf,2508220908,2508220911,25082209,8002549
1235622964461153188,ICE,808,Hamburg-Altona,2508220921,2508220921,25082209,8002553
1332050420045921138,ICE,630,Hannover Hbf,2508221332,2508221345,25082213,8000152
1341469202977470214,ICE,952,Hannover Hbf,2508221128,2508221131,25082211,8000152
1409628509556846116,ICE,575,Hamburg Dammtor,2508220915,2508220915,25082209,8002548
1409628509556846116,ICE,575,Hamburg Hbf,2508220920,2508220924,25082209,8002549
1409628509556846116,ICE,575,Hannover Hbf,2508221038,2508221041,25082210,8000152
1632912090988572644,ICE,650,Hannover Hbf,2508221237,2508221240,25082212,8000152
1655563355646330114,ICE,1050,Hannover Hbf,2508221053,2508221056,25082210,8000152
1831197351834485139,ICE,956,Hannover Hbf,2508220728,2508220731,25082207,8000152
195571161565961167,ICE,1586,Hannover Hbf,2508221258,2508221301,25082212,8000152
195571161565961167,ICE,1586,Celle,2508221318,2508221319,25082213,8000064
195571161565961167,ICE,1586,Uelzen,2508221340,2508221342,25082213,8000168
195571161565961167,ICE,1586,Lüneburg,2508221356,2508221358,25082213,8000238
211585818996437737,ICE,547,Hannover Hbf,2508221328,2508221331,25082213,8000152
235347214713352060,ICE,1601,Hamburg-Altona,2508221134,2508221134,25082211,8002553
235347214713352060,ICE,1601,Hamburg Hbf,2508221145,2508221149,25082211,8002549
235347214713352060,ICE,1601,Uelzen,2508221228,2508221230,25082212,8000168
2456315461108108830,IC,144,Hannover Hbf,2508221353,2508221356,25082213,8000152
2474076290441674812,ICE,1285,Hamburg-Altona,2508221111,2508221111,25082211,8002553
2474076290441674812,ICE,1285,Hamburg Dammtor,2508221119,2508221120,25082211,8002548
2474076290441674812,ICE,1285,Hamburg Hbf,2508221124,2508221128,25082211,8002549
2474076290441674812,ICE,1285,Lüneburg,2508221153,2508221155,25082211,8000238
2474076290441674812,ICE,1285,Hannover Hbf,2508221246,2508221255,25082212,8000152
2599462261997860942,IC,2434,Hannover Hbf,2508220823,2508220845,25082208,8000152
2662972692212507122,ICE,804,Lüneburg,2508221229,2508221231,25082212,8000238
2662972692212507122,ICE,804,Hamburg Hbf,2508221306,2508221306,25082213,8002549
2686007473625185344,ICE,618,Hamburg-Harburg,2508221001,2508221003,25082210,8000147
2686007473625185344,ICE,618,Hamburg Hbf,2508221014,2508221017,25082210,8002549
2686007473625185344,ICE,618,Hamburg Dammtor,2508221020,2508221021,25082210,8002548
2897765782443439104,ICE,583,Hamburg Dammtor,2508220654,2508220654,25082206,8002548
2897765782443439104,ICE,583,Hamburg Hbf,2508220658,2508220701,25082206,8002549
2897765782443439104,ICE,583,Hamburg-Harburg,2508220711,2508220713,25082207,8000147
2897765782443439104,ICE,583,Hannover Hbf,2508220822,2508220826,25082208,8000152
3119815850397800818,ICE,608,Uelzen,2508220728,2508220730,25082207,8000168
3119815850397800818,ICE,608,Hamburg-Harburg,2508220800,2508220802,25082208,8000147
3119815850397800818,ICE,608,Hamburg Hbf,2508220814,2508220814,25082208,8002549
3129031456741493070,ICE,646,Hannover Hbf,2508220618,2508220621,25082206,8000152
3355427801752445422,ICE,1577,Hamburg-Altona,2508220809,2508220809,25082208,8002553
3355427801752445422,ICE,1577,Hamburg Dammtor,2508220818,2508220819,25082208,8002548
3355427801752445422,ICE,1577,Hamburg Hbf,2508220823,2508220828,25082208,8002549
3355427801752445422,ICE,1577,Hamburg-Harburg,2508220839,2508220841,25082208,8000147
3355427801752445422,ICE,1577,Lüneburg,2508220857,2508220859,25082208,8000238
3355427801752445422,ICE,1577,Uelzen,2508220914,2508220916,25082209,8000168
3355427801752445422,ICE,1577,Celle,2508220937,2508220938,25082209,8000064
3355427801752445422,ICE,1577,Hannover Hbf,2508220958,2508221001,25082209,8000152
3397100192751969577,ICE,789,Hamburg Dammtor,2508221154,2508221154,25082211,8002548
3397100192751969577,ICE,789,Hamburg Hbf,2508221157,2508221201,25082211,8002549
3397100192751969577,ICE,789,Hamburg-Harburg,2508221211,2508221213,25082212,8000147
3397100192751969577,ICE,789,Hannover Hbf,2508221320,2508221326,25082213,8000152
3450532721221209704,ICE,1604,Uelzen,2508221128,2508221130,25082211,8000168
3450532721221209704,ICE,1604,Hamburg Hbf,2508221211,2508221215,25082212,8002549
3450532721221209704,ICE,1604,Hamburg-Altona,2508221225,2508221225,25082212,8002553
3572373505574423058,ICE,91,Hamburg-Altona,2508220745,2508220745,25082207,8002553
3572373505574423058,ICE,91,Hamburg Dammtor,2508220754,2508220755,25082207,8002548
3572373505574423058,ICE,91,Hamburg Hbf,2508220759,2508220802,25082207,8002549
3572373505574423058,ICE,91,Hamburg-Harburg,2508220811,2508220813,25082208,8000147
3572373505574423058,ICE,91,Hannover Hbf,2508220921,2508220926,25082209,8000152
3633423506968040756,ICE,703,Hamburg-Altona,2508220634,2508220634,25082206,8002553
3633423506968040756,ICE,703,Hamburg Hbf,2508220645,2508220648,25082206,8002549
3633423506968040756,ICE,703,Lüneburg,2508220718,2508220720,25082207,8000238
3633423506968040756,ICE,703,Uelzen,2508220735,2508220736,25082207,8000168
3637874846223684968,EC,1198,Hamburg Hbf,2508220703,2508220703,25082207,8002549
3673341780844113427,ICE,731,Hamburg-Altona,2508220737,2508220737,25082207,8002553
3673341780844113427,ICE,731,Hamburg Dammtor,2508220745,2508220747,25082207,8002548
3673341780844113427,ICE,731,Hamburg Hbf,2508220751,2508220754,25082207,8002549
3802822263510141639,ICE,1683,Hamburg-Altona,2508221111,2508221111,25082211,8002553
3802822263510141639,ICE,1683,Hamburg Dammtor,2508221119,2508221120,25082211,8002548
3802822263510141639,ICE,1683,Hamburg Hbf,2508221124,2508221128,25082211,8002549
3802822263510141639,ICE,1683,Lüneburg,2508221153,2508221155,25082211,8000238
3802822263510141639,ICE,1683,Hannover Hbf,2508221246,2508221255,25082212,8000152
3819296397573688662,IC,2214,Hamburg-Harburg,2508220901,2508220903,25082209,8000147
3819296397573688662,IC,2214,Hamburg Hbf,2508220914,2508220917,25082209,8002549
3819296397573688662,IC,2214,Hamburg Dammtor,2508220920,2508220921,25082209,8002548
3824096014598481578,FLX,1231,Hannover Hbf,2508220941,2508220944,25082209,8000152
4085750436512223701,IC,2035,Hannover Hbf,2508220913,2508220936,25082209,8000152
4095046465001521107,ICE,571,Hamburg Dammtor,2508220505,2508220505,25082205,8002548
4095046465001521107,ICE,571,Hamburg Hbf,2508220509,2508220514,25082205,8002549
4095046465001521107,ICE,571,Hamburg-Harburg,2508220525,2508220527,25082205,8000147
4095046465001521107,ICE,571,Lüneburg,2508220544,2508220546,25082205,8000238
4095046465001521107,ICE,571,Hannover Hbf,2508220638,2508220641,25082206,8000152
4213479397398061564,ICE,680,Hannover Hbf,2508221332,2508221336,25082213,8000152
428699380039786739,ICE,774,Hannover Hbf,2508220917,2508220920,25082209,8000152
428699380039786739,ICE,774,Hamburg Hbf,2508221036,2508221036,25082210,8002549
4458426124091069798,IC,141,Hannover Hbf,2508221001,2508221004,25082210,8000152
4494602737162442408,ICE,103,Hannover Hbf,2508220541,2508220541,25082205,8000152
4558275999006255649,IC,2441,Hannover Hbf,2508221220,2508221236,25082212,8000152
4653126596847301158,ICE,634,Hannover Hbf,2508220932,2508220945,25082209,8000152
474224413520299351,ICE,581,Hamburg-Harburg,2508220504,2508220506,25082205,8000147
474224413520299351,ICE,581,Lüneburg,2508220524,2508220525,25082205,8000238
474224413520299351,ICE,581,Uelzen,2508220540,2508220542,25082205,8000168
474224413520299351,ICE,581,Celle,2508220602,2508220604,25082206,8000064
474224413520299351,ICE,581,Hannover Hbf,2508220623,2508220626,25082206,8000152
4776406227861038852,ICE,636,Hannover Hbf,2508220745,2508220745,25082207,8000152
486583059417690094,ICE,585,Hamburg Hbf,2508220855,2508220901,25082208,8002549
486583059417690094,ICE,585,Hamburg-Harburg,2508220912,2508220914,25082209,8000147
486583059417690094,ICE,585,Hannover Hbf,2508221022,2508221026,25082210,8000152
5028473175569704025,ICE,888,Hannover Hbf,2508220832,2508220836,25082208,8000152
5028473175569704025,ICE,888,Hamburg-Harburg,2508220941,2508220943,25082209,8000147
5028473175569704025,ICE,888,Hamburg Hbf,2508220953,2508220953,25082209,8002549
5098133511292367195,ICE,741,Hannover Hbf,2508220801,2508220804,25082208,8000152
5126111707056373426,ICE,672,Hannover Hbf,2508220819,2508220822,25082208,8000152
5126111707056373426,ICE,672,Hamburg Hbf,2508220936,2508220936,25082209,8002549
5146840242049916044,ICE,656,Hannover Hbf,2508220640,2508220640,25082206,8000152
5186490163197231839,ICE,509,Hamburg-Altona,2508220922,2508220922,25082209,8002553
5186490163197231839,ICE,509,Hamburg Hbf,2508220933,2508220937,25082209,8002549
5186490163197231839,ICE,509,Uelzen,2508221028,2508221030,25082210,8000168
5248730939501738569,IC,2042,Hannover Hbf,2508220723,2508220740,25082207,8000152
5251245117498160871,FLX,1340,Hamburg-Harburg,2508221055,2508221057,25082210,8000147
5251245117498160871,FLX,1340,Hamburg Hbf,2508221108,2508221108,25082211,8002549
5295243416856313869,ICE,613,Hamburg Dammtor,2508221337,2508221338,25082213,8002548
5295243416856313869,ICE,613,Hamburg Hbf,2508221342,2508221346,25082213,8002549
5295243416856313869,ICE,613,Hamburg-Harburg,2508221355,2508221357,25082213,8000147
5312563495212518167,ICE,845,Hannover Hbf,2508221028,2508221031,25082210,8000152
5422801980542036841,ICE,73,Hamburg Dammtor,2508220813,2508220814,25082208,8002548
5422801980542036841,ICE,73,Hamburg Hbf,2508220819,2508220824,25082208,8002549
5422801980542036841,ICE,73,Hannover Hbf,2508220938,2508220941,25082209,8000152
563323919548594377,ICE,642,Hannover Hbf,2508221028,2508221031,25082210,8000152
5653087570567167872,ICE,611,Hamburg-Altona,2508221129,2508221129,25082211,8002553
5653087570567167872,ICE,611,Hamburg Dammtor,2508221137,2508221138,25082211,8002548
5653087570567167872,ICE,611,Hamburg Hbf,2508221142,2508221146,25082211,8002549
5653087570567167872,ICE,611,Hamburg-Harburg,2508221155,2508221157,25082211,8000147
5703989328735164692,ICE,942,Hannover Hbf,2508221128,2508221131,25082211,8000152
6008261741926408807,EC,1195,Hamburg Hbf,2508220627,2508220627,25082206,8002549
6096973730097423087,FLX,1363,Hamburg Hbf,2508221117,2508221117,25082211,8002549
6178329184277023949,ICE,701,Lüneburg,2508220516,2508220518,25082205,8000238
6178329184277023949,ICE,701,Uelzen,2508220535,2508220536,25082205,8000168
6209522400545496804,ICE,757,Hannover Hbf,2508221301,2508221304,25082213,8000152
6365289854589139755,IC,2310,Hamburg-Harburg,2508221246,2508221248,25082212,8000147
6365289854589139755,IC,2310,Hamburg Hbf,2508221259,2508221302,25082212,8002549
6365289854589139755,IC,2310,Hamburg Dammtor,2508221305,2508221306,25082213,8002548
6512354943507599026,ICE,515,Hamburg-Altona,2508220529,2508220529,25082205,8002553
6512354943507599026,ICE,515,Hamburg Dammtor,2508220537,2508220538,25082205,8002548
6512354943507599026,ICE,515,Hamburg Hbf,2508220542,2508220546,25082205,8002549
6512354943507599026,ICE,515,Hamburg-Harburg,2508220555,2508220557,25082205,8000147
6610086332469437335,ICE,109,Hamburg-Altona,2508221027,2508221027,25082210,8002553
6610086332469437335,ICE,109,Hamburg Dammtor,2508221035,2508221036,25082210,8002548
6610086332469437335,ICE,109,Hamburg Hbf,2508221042,2508221046,25082210,8002549
6610086332469437335,ICE,109,Hamburg-Harburg,2508221055,2508221056,25082210,8000147
666711005360005078,IC,2044,Hannover Hbf,2508220923,2508220940,25082209,8000152
6700288758807829180,ICE,787,Hamburg Dammtor,2508220954,2508220954,25082209,8002548
6700288758807829180,ICE,787,Hamburg Hbf,2508220957,2508221001,25082209,8002549
6700288758807829180,ICE,787,Hamburg-Harburg,2508221011,2508221013,25082210,8000147
6700288758807829180,ICE,787,Hannover Hbf,2508221120,2508221126,25082211,8000152
6980398750542004684,IC,2394,Hannover Hbf,2508221356,2508221359,25082213,8000152
7042552500258897940,IC,2430,Hannover Hbf,2508221223,2508221245,25082212,8000152
7109186111814105543,IC,2033,Hannover Hbf,2508220713,2508220735,25082207,8000152
7127812590731908748,ICE,857,Hannover Hbf,2508221228,2508221231,25082212,8000152
7280780786399683236,ICE,855,Hannover Hbf,2508221028,2508221031,25082210,8000152
7421356919274658491,IC,2261,Hamburg Hbf,2508221130,2508221130,25082211,8002549
7455112292924634520,ICE,1579,Hamburg Hbf,2508221028,2508221028,25082210,8002549
7455112292924634520,ICE,1579,Hamburg-Harburg,2508221039,2508221041,25082210,8000147
7455112292924634520,ICE,1579,Lüneburg,2508221057,2508221059,25082210,8000238
7455112292924634520,ICE,1579,Uelzen,2508221113,2508221115,25082211,8000168
7455112292924634520,ICE,1579,Celle,2508221137,2508221138,25082211,8000064
7455112292924634520,ICE,1579,Hannover Hbf,2508221158,2508221201,25082211,8000152
7517605630292767265,ICE,587,Hamburg Dammtor,2508221054,2508221054,25082210,8002548
7517605630292767265,ICE,587,Hamburg Hbf,2508221058,2508221101,25082210,8002549
7517605630292767265,ICE,587,Hamburg-Harburg,2508221111,2508221113,25082211,8000147
7517605630292767265,ICE,587,Hannover Hbf,2508221222,2508221226,25082212,8000152
7518849596077080458,EC,398,Hamburg Hbf,2508220850,2508220850,25082208,8002549
7707971615618156348,IC,2039,Hannover Hbf,2508221313,2508221336,25082213,8000152
7750978145243791777,ICE,1088,Hannover Hbf,2508220732,2508220736,25082207,8000152
7750978145243791777,ICE,1088,Hamburg-Harburg,2508220843,2508220845,25082208,8000147
7750978145243791777,ICE,1088,Hamburg Hbf,2508220856,2508220900,25082208,8002549
7750978145243791777,ICE,1088,Hamburg Dammtor,2508220904,2508220905,25082209,8002548
779943753237616170,FLX,1361,Hamburg Hbf,2508220717,2508220717,25082207,8002549
7911763598988154921,ICE,783,Hamburg Dammtor,2508220547,2508220547,25082205,8002548
7911763598988154921,ICE,783,Hamburg Hbf,2508220550,2508220554,25082205,8002549
7911763598988154921,ICE,783,Hamburg-Harburg,2508220604,2508220606,25082206,8000147
7911763598988154921,ICE,783,Lüneburg,2508220623,2508220625,25082206,8000238
7911763598988154921,ICE,783,Hannover Hbf,2508220723,2508220726,25082207,8000152
8048568335527513663,EN,345,Hamburg Hbf,2508220558,2508220604,25082205,8002549
8209469800275406026,ICE,1080,Hannover Hbf,2508220506,2508220510,25082205,8000152
8209469800275406026,ICE,1080,Celle,2508220530,2508220531,25082205,8000064
8209469800275406026,ICE,1080,Uelzen,2508220553,2508220555,25082205,8000168
8209469800275406026,ICE,1080,Lüneburg,2508220611,2508220613,25082206,8000238
8209469800275406026,ICE,1080,Hamburg-Harburg,2508220629,2508220631,25082206,8000147
8209469800275406026,ICE,1080,Hamburg Hbf,2508220642,2508220642,25082206,8002549
8225073366619549681,EC,391,Hamburg Hbf,2508221102,2508221102,25082211,8002549
8332819549372971323,IC,2216,Hamburg-Harburg,2508220901,2508220903,25082209,8000147
8332819549372971323,IC,2216,Hamburg Hbf,2508220914,2508220917,25082209,8002549
8332819549372971323,IC,2216,Hamburg Dammtor,2508220920,2508220921,25082209,8002548
8503777394879306018,ICE,920,Hamburg-Harburg,2508220638,2508220640,25082206,8000147
8503777394879306018,ICE,920,Hamburg Hbf,2508220650,2508220653,25082206,8002549
8503777394879306018,ICE,920,Hamburg Dammtor,2508220656,2508220658,25082206,8002548
8503777394879306018,ICE,920,Hamburg-Altona,2508220706,2508220706,25082207,8002553
8539762080593158586,ICE,2974,Hannover Hbf,2508220956,2508220959,25082209,8000152
8539762080593158586,ICE,2974,Celle,2508221018,2508221019,25082210,8000064
8539762080593158586,ICE,2974,Uelzen,2508221041,2508221043,25082210,8000168
8539762080593158586,ICE,2974,Lüneburg,2508221057,2508221059,25082210,8000238
8539762080593158586,ICE,2974,Hamburg-Harburg,2508221116,2508221118,25082211,8000147
8539762080593158586,ICE,2974,Hamburg Hbf,2508221129,2508221133,25082211,8002549
8539762080593158586,ICE,2974,Hamburg Dammtor,2508221136,2508221137,25082211,8002548
8539762080593158586,ICE,2974,Hamburg-Altona,2508221145,2508221145,25082211,8002553
8622416173784127011,IC,148,Hannover Hbf,2508220953,2508220956,25082209,8000152
8652078400714170233,ICE,541,Hannover Hbf,2508220728,2508220731,25082207,8000152
8819213517333502187,FLX,1230,Hannover Hbf,2508221020,2508221023,25082210,8000152
8858215695273508971,ICE,71,Hamburg Dammtor,2508220612,2508220612,25082206,8002548
8858215695273508971,ICE,71,Hamburg Hbf,2508220615,2508220618,25082206,8002549
8858215695273508971,ICE,71,Hamburg-Harburg,2508220628,2508220630,25082206,8000147
8858215695273508971,ICE,71,Lüneburg,2508220646,2508220648,25082206,8000238
8858215695273508971,ICE,71,Hannover Hbf,2508220738,2508220741,25082207,8000152
8900832569111771375,ICE,77,Hamburg Dammtor,2508221215,2508221216,25082212,8002548
8900832569111771375,ICE,77,Hamburg Hbf,2508221221,2508221224,25082212,8002549
8900832569111771375,ICE,77,Hannover Hbf,2508221338,2508221341,25082213,8000152
9022204647261448359,ICE,533,Hannover Hbf,2508220814,2508220826,25082208,8000152
9052858960919066097,ICE,682,Hannover Hbf,2508221132,2508221136,25082211,8000152
9052858960919066097,ICE,682,Hamburg-Harburg,2508221241,2508221243,25082212,8000147
9052858960919066097,ICE,682,Hamburg Hbf,2508221254,2508221301,25082212,8002549
9070407589736336373,ICE,946,Hannover Hbf,2508220728,2508220731,25082207,8000152
976167701011077299,ICE,1052,Hannover Hbf,2508220853,2508220856,25082208,8000152
